{"cameraMode":{"drawMode":0,"name":"Shaded","section":"Shading Mode"},"sceneLighting":true,"audioPlay":false,"sceneViewState":{"m_AlwaysRefresh":false,"showFog":true,"showSkybox":true,"showFlares":true,"showImageEffects":true,"showParticleSystems":true,"showVisualEffectGraphs":true,"m_FxEnabled":true},"in2DMode":false,"pivot":{"x":109.30128479003906,"y":1.9673688411712647,"z":-4.409202575683594},"rotation":{"x":0.08657456934452057,"y":-0.03442614525556564,"z":0.0029913801699876787,"w":0.9956670999526978},"size":0.9917351603507996,"orthographic":false}